V-Gene	J-Gene	D-Gene	Junction Sequence (AA)	Junction Length (AA)
IGHV3-22*01, or IGHV3-22*02	IGHJ6*02	IGHD3-22*01	CSRERSGY*PIYYYYGMDVW	20
IGHV4-39*01, or IGHV4-39*05	IGHJ4*02	IGHD6-6*01	CARHLWSSSTGYYFDYW	17
IGHV4-39*01, or IGHV4-59*05, or IGHV4-39*05	IGHJ6*02	IGHD2-2*01	CARSYCSSTKCNRGSIWSYYYGMDVW	26
IGHV3-23D*01, or IGHV3-23*01, or IGHV3-23*04	IGHJ6*02	IGHD3-3*01	CAKGDNFWSGYLVYYGMDVW	20
IGHV3-30-3*02, or IGHV3-30-3*01	IGHJ3*02	IGHD6-13*01	CARGDSSWDAFDIW	14
IGHV3-7*02, or IGHV3-7*01	IGHJ6*02	IGHD6-19*01	CARAIIYSSGPVPMDVW	17
IGHV3-64*02	IGHJ4*02	IGHD5-18*01	CARDKRGYSYGLTT	14
IGHV3-48*03, or IGHV3-23D*01, or IGHV3-11*01, or IGHV3-23*01, or IGHV3-48*01, or IGHV3-23*04	IGHJ1*01	IGHD6-6*01	CASTREYFQHW	11
IGHV3-15*01, or IGHV3-15*02	IGHJ4*02	IGHD1-26*01	CTTQVKWEPPQTDYW	15
IGHV3-23D*01, or IGHV3-23*01, or IGHV3-23*04	IGHJ6*02	ORF, or IGHD4-23*01	CAKDNPLVYYYYGMDVW	17
IGHV3-64*02	IGHJ1*01	IGHD6-25*01	CANTRRV*Q*L	11
IGHV3-23D*01, or IGHV3-23*02, or IGHV3-23*01, or IGHV3-23*04	IGHJ4*03	IGHD6-6*01	CTGRNNIAAGTLTS	14
IGHV3-15*01, or IGHV3-15*02	IGHJ3*02	IGHD1-1*01	CTTDPTQNWNTEGDDAFDIW	20
				0
IGHV2-70*01	IGHJ3*02	IGHD5-18*01	CARRYTAMVYDAFDIW	16
IGHV1-8*02	IGHJ6*02	IGHD6-13*01	CASWGYSSSWYSYYYGMDVW	20
IGHV1-3*01	IGHJ4*02	IGHD4-17*01	CARGRDYRFDYW	12
IGHV1-18*01, or IGHV1-18*04	IGHJ5*02	IGHD2-15*01	CAREPRCSGGSCYSRSTGPRFDPW	24
IGHV3-23D*01, or IGHV3-23*01, or IGHV3-23*04	IGHJ6*02	IGHD2-21*02	CAKGAVTTNYYYYYGMDVW	19
IGHV4-38-2*01, or IGHV4-38-2*02	IGHJ5*02	IGHD2-8*02	CARGSWTGTDNWFDPW	16
IGHV3-7*02, or IGHV3-7*01	IGHJ4*02	ORF, or IGHD4-23*01	CARNLGRYLLDYW	13
IGHV3-23D*01, or IGHV3-23*01, or IGHV3-23*04	IGHJ6*02	IGHD2-2*01	CAKDRYCSSTSCYGYYGMDVW	21
IGHV4-59*01, or IGHV4-59*07	IGHJ6*02	IGHD2-15*01	CARDQQWSKRYYYGMDVW	18
IGHV1-8*02, or IGHV1-8*01	IGHJ4*01, or IGHJ4*03	ORF, or IGHD1-14*01	CARAVKPKTSHSAPRLARHPYYFDYW	26
IGHV3-15*01, or IGHV3-15*02	IGHJ6*02	IGHD2-21*02	CTTKEGVDYLYYYYGMDVW	19
